id,title,status,recurring,total,notes,terms,order_type,source_type,creation_date,modification_date,order_date,lead_affiliate_id,sales_affiliate_id,total_paid,total_due,refund_total,allow_payment,allow_paypal,invoice_number,contact_id,product_id,payment_gateway_id,subscription_plan_id,created_at,modified_at
8795,Order Form,DRAFT,,297,,,Online,,2025-01-31 12:54:01+02,2025-01-31 12:54:01+02,2025-01-31 12:53:21+02,,,0,297,0,,,0,118931,649,,,2025-06-02 14:24:32.673286+02,2025-06-02 14:24:32.673286+02
8793,Order Form,DRAFT,,47,,,Online,,2025-01-31 12:52:04+02,2025-01-31 12:52:04+02,2025-01-31 12:50:31+02,,,0,47,0,,,0,118931,645,,,2025-06-02 14:24:33.926891+02,2025-06-02 14:24:33.926891+02
8791,Order Form,DRAFT,,47,,,Online,,2025-01-31 12:49:19+02,2025-01-31 12:49:19+02,2025-01-31 12:48:16+02,,,0,47,0,,,0,118931,645,,,2025-06-02 14:24:35.301344+02,2025-06-02 14:24:35.301344+02
8789,Order Form,DRAFT,,47,,,Online,,2025-01-31 12:46:34+02,2025-01-31 12:46:34+02,2025-01-31 12:44:31+02,,,0,47,0,,,0,118931,645,,,2025-06-02 14:24:36.583428+02,2025-06-02 14:24:36.583428+02
