id,order_id,transaction_date,transaction_type,transaction_status,amount,payment_gateway,gateway_transaction_id,gateway_response_code,gateway_response_message,payment_type,card_type,card_last_four,card_expiration_month,card_expiration_year,notes,created_at,modified_at
498545,8795,2025-01-31 12:54:01,,,297,,,,,,,,,,,2025-06-02 14:24:32.679896,2025-06-02 14:24:32.679901
498543,8793,2025-01-31 12:52:03,,,47,,,,,,,,,,,2025-06-02 14:24:33.930859,2025-06-02 14:24:33.930864
498531,8791,2025-01-31 12:49:19,,,47,,,,,,,,,,,2025-06-02 14:24:35.305442,2025-06-02 14:24:35.305447
498529,8789,2025-01-31 12:46:33,,,47,,,,,,,,,,,2025-06-02 14:24:36.586829,2025-06-02 14:24:36.586833
